route_id,service_id,trip_id,direction_id,block_id,shape_id
H2O,Summer_Mon-Fri,H2O_Summer_Mon-Fri_Out1,0.0,,Shp_H2O_Summer_Out
H2O,Summer_Mon-Fri,H2O_Summer_Mon-Fri_Out2,0.0,,Shp_H2O_Summer_Out
H2O,Summer_Mon-Fri,H2O_Summer_Mon-Fri_Out3,0.0,,Shp_H2O_Summer_Out
H2O,Summer_Mon-Sun,H2O_Summer_Mon-Sun_Out4,0.0,,Shp_H2O_Summer_Out
H2O,Summer_Mon-Sun,H2O_Summer_Mon-Sun_Out5,0.0,,Shp_H2O_Summer_Out
H2O,Summer_Mon-Sun,H2O_Summer_Mon-Sun_Out6,0.0,,Shp_H2O_Summer_Out
H2O,Summer_Mon-Sun,H2O_Summer_Mon-Sun_Out7,0.0,,Shp_H2O_Summer_Out
H2O,Summer_Mon-Sun,H2O_Summer_Mon-Sun_Out8,0.0,,Shp_H2O_Summer_Out
H2O,Summer_Mon-Sun,H2O_Summer_Mon-Sun_Out9,0.0,,Shp_H2O_Summer_Out
H2O,Summer_Mon-Sun,H2O_Summer_Mon-Sun_Out10,0.0,,Shp_H2O_Summer_Out
H2O,Summer_Mon-Sun,H2O_Summer_Mon-Sun_Out11,0.0,,Shp_H2O_Summer_Out
H2O,Summer_Mon-Sun,H2O_Summer_Mon-Sun_Out12,0.0,,Shp_H2O_Summer_Out
H2O,Summer_Mon-Sun,H2O_Summer_Mon-Sun_Out13,0.0,,Shp_H2O_Summer_Out
H2O,Summer_Mon-Sun,H2O_Summer_Mon-Sun_Out14,0.0,,Shp_H2O_Summer_Out
H2O,Summer_Fri,H2O_Summer_Fri_Out15,0.0,,Shp_H2O_Summer_Out_Eve
H2O,Summer_Mon-Fri,H2O_Summer_Mon-Fri_In1,1.0,,Shp_H2O_Summer_In_Mor_Short
H2O,Summer_Mon-Fri,H2O_Summer_Mon-Fri_In2,1.0,,Shp_H2O_Summer_In_Mor
H2O,Summer_Mon-Fri,H2O_Summer_Mon-Fri_In3,1.0,,Shp_H2O_Summer_In
H2O,Summer_Mon-Sun,H2O_Summer_Mon-Sun_In4,1.0,,Shp_H2O_Summer_In
H2O,Summer_Mon-Sun,H2O_Summer_Mon-Sun_In5,1.0,,Shp_H2O_Summer_In
H2O,Summer_Mon-Sun,H2O_Summer_Mon-Sun_In6,1.0,,Shp_H2O_Summer_In
H2O,Summer_Mon-Sun,H2O_Summer_Mon-Sun_In7,1.0,,Shp_H2O_Summer_In
H2O,Summer_Mon-Sun,H2O_Summer_Mon-Sun_In8,1.0,,Shp_H2O_Summer_In
H2O,Summer_Mon-Sun,H2O_Summer_Mon-Sun_In9,1.0,,Shp_H2O_Summer_In
H2O,Summer_Mon-Sun,H2O_Summer_Mon-Sun_In10,1.0,,Shp_H2O_Summer_In
H2O,Summer_Mon-Sun,H2O_Summer_Mon-Sun_In11,1.0,,Shp_H2O_Summer_In
H2O,Summer_Mon-Sun,H2O_Summer_Mon-Sun_In12,1.0,,Shp_H2O_Summer_In
H2O,Summer_Mon-Sun,H2O_Summer_Mon-Sun_In13,1.0,,Shp_H2O_Summer_In
H2O,Summer_Mon-Sun,H2O_Summer_Mon-Sun_In14,1.0,,Shp_H2O_Summer_In
Sealine,Summer_Mon-Fri,Sealine_Summer_Mon-Fri_Out1,0.0,,Shp_Sealine_Summer_Out_Short
Sealine,Summer_Mon-Fri,Sealine_Summer_Mon-Fri_Out2,0.0,,Shp_Sealine_Summer_Out_Short
Sealine,Summer_Mon-Fri,Sealine_Summer_Mon-Fri_Out3,0.0,,Shp_Sealine_Summer_Out_FM
Sealine,Summer_Mon-Fri,Sealine_Summer_Mon-Fri_Out4,0.0,,Shp_Sealine_Summer_Out_FM
Sealine,Summer_Mon-Sun,Sealine_Summer_Mon-Sun_Out5,0.0,,Shp_Sealine_Summer_Out_FM
Sealine,Summer_Mon-Sun,Sealine_Summer_Mon-Sun_Out6,0.0,,Shp_Sealine_Summer_Out_FM
Sealine,Summer_Mon-Sun,Sealine_Summer_Mon-Sun_Out7,0.0,,Shp_Sealine_Summer_Out_FM
Sealine,Summer_Mon-Sun,Sealine_Summer_Mon-Sun_Out8,0.0,,Shp_Sealine_Summer_Out_FM
Sealine,Summer_Mon-Sun,Sealine_Summer_Mon-Sun_Out9,0.0,,Shp_Sealine_Summer_Out_FM
Sealine,Summer_Mon-Sun,Sealine_Summer_Mon-Sun_Out10,0.0,,Shp_Sealine_Summer_Out_FM
Sealine,Summer_Mon-Sun,Sealine_Summer_Mon-Sun_Out11,0.0,,Shp_Sealine_Summer_Out_FM
Sealine,Summer_Mon-Sun,Sealine_Summer_Mon-Sun_Out12,0.0,,Shp_Sealine_Summer_Out_FM
Sealine,Summer_Mon-Sun,Sealine_Summer_Mon-Sun_Out13,0.0,,Shp_Sealine_Summer_Out_FM
Sealine,Summer_Mon-Sun,Sealine_Summer_Mon-Sun_Out14,0.0,,Shp_Sealine_Summer_Out_FM
Sealine,Summer_Mon-Sun,Sealine_Summer_Mon-Sun_Out15,0.0,,Shp_Sealine_Summer_Out_FM
Sealine,Summer_Fri,Sealine_Summer_Fri_Out16,0.0,,Shp_Sealine_Summer_Out_EVE
Sealine,Summer_Mon-Fri,Sealine_Summer_Mon-Fri_In1,1.0,,Shp_Sealine_Summer_In_Short
Sealine,Summer_Mon-Fri,Sealine_Summer_Mon-Fri_In2,1.0,,Shp_Sealine_Summer_In_FM
Sealine,Summer_Mon-Sun,Sealine_Summer_Mon-Sun_In3,1.0,,Shp_Sealine_Summer_In_FM
Sealine,Summer_Mon-Sun,Sealine_Summer_Mon-Sun_In4,1.0,,Shp_Sealine_Summer_In_FM
Sealine,Summer_Mon-Sun,Sealine_Summer_Mon-Sun_In5,1.0,,Shp_Sealine_Summer_In_FM
Sealine,Summer_Mon-Sun,Sealine_Summer_Mon-Sun_In6,1.0,,Shp_Sealine_Summer_In_FM
Sealine,Summer_Mon-Sun,Sealine_Summer_Mon-Sun_In7,1.0,,Shp_Sealine_Summer_In_FM
Sealine,Summer_Mon-Sun,Sealine_Summer_Mon-Sun_In8,1.0,,Shp_Sealine_Summer_In_FM
Sealine,Summer_Mon-Sun,Sealine_Summer_Mon-Sun_In9,1.0,,Shp_Sealine_Summer_In_FM
Sealine,Summer_Mon-Sun,Sealine_Summer_Mon-Sun_In10,1.0,,Shp_Sealine_Summer_In_FM
Sealine,Summer_Mon-Sun,Sealine_Summer_Mon-Sun_In11,1.0,,Shp_Sealine_Summer_In_FM
Sealine,Summer_Mon-Sun,Sealine_Summer_Mon-Sun_In12,1.0,,Shp_Sealine_Summer_In_FM
Sealine,Summer_Mon-Sun,Sealine_Summer_Mon-Sun_In13,1.0,,Shp_Sealine_Summer_In_FM
Sandwich,Summer_Mon-Fri,Sandwich_Summer_Mon-Fri_Out1,0.0,,Shp_Sandwich_Summer_Out
Sandwich,Summer_Mon-Fri,Sandwich_Summer_Mon-Fri_Out2,0.0,,Shp_Sandwich_Summer_Out
Sandwich,Summer_Mon-Fri,Sandwich_Summer_Mon-Fri_Out3,0.0,,Shp_Sandwich_Summer_Out
Sandwich,Summer_Mon-Fri,Sandwich_Summer_Mon-Fri_Out4,0.0,,Shp_Sandwich_Summer_Out
Sandwich,Summer_Mon-Fri,Sandwich_Summer_Mon-Fri_Out5,0.0,,Shp_Sandwich_Summer_Out
Sandwich,Summer_Mon-Fri,Sandwich_Summer_Mon-Fri_Out6,0.0,,Shp_Sandwich_Summer_Out
Sandwich,Summer_Mon-Fri,Sandwich_Summer_Mon-Fri_Out7,0.0,,Shp_Sandwich_Summer_Out
Sandwich,Summer_Mon-Fri,Sandwich_Summer_Mon-Fri_Out8,0.0,,Shp_Sandwich_Summer_Out
Sandwich,Summer_Mon-Fri,Sandwich_Summer_Mon-Fri_Out9,0.0,,Shp_Sandwich_Summer_Out
Sandwich,Summer_Mon-Fri,Sandwich_Summer_Mon-Fri_In1,1.0,,Shp_Sandwich_Summer_In_Mor
Sandwich,Summer_Mon-Fri,Sandwich_Summer_Mon-Fri_In2,1.0,,Shp_Sandwich_Summer_In
Sandwich,Summer_Mon-Fri,Sandwich_Summer_Mon-Fri_In3,1.0,,Shp_Sandwich_Summer_In
Sandwich,Summer_Mon-Fri,Sandwich_Summer_Mon-Fri_In4,1.0,,Shp_Sandwich_Summer_In
Sandwich,Summer_Mon-Fri,Sandwich_Summer_Mon-Fri_In5,1.0,,Shp_Sandwich_Summer_In
Sandwich,Summer_Mon-Fri,Sandwich_Summer_Mon-Fri_In6,1.0,,Shp_Sandwich_Summer_In
Sandwich,Summer_Mon-Fri,Sandwich_Summer_Mon-Fri_In7,1.0,,Shp_Sandwich_Summer_In
Sandwich,Summer_Mon-Fri,Sandwich_Summer_Mon-Fri_In8,1.0,,Shp_Sandwich_Summer_In
Sandwich,Summer_Mon-Fri,Sandwich_Summer_Mon-Fri_In9,1.0,,Shp_Sandwich_Summer_In
Bourne,Summer_Mon-Fri,Bourne_Summer_Mon-Fri_Out1,0.0,,Shp_Bourne_Summer_Out
Bourne,Summer_Mon-Fri,Bourne_Summer_Mon-Fri_Out2,0.0,,Shp_Bourne_Summer_Out
Bourne,Summer_Mon-Fri,Bourne_Summer_Mon-Fri_Out3,0.0,,Shp_Bourne_Summer_Out
Bourne,Summer_Mon-Fri,Bourne_Summer_Mon-Fri_Out4,0.0,,Shp_Bourne_Summer_Out
Bourne,Summer_Mon-Fri,Bourne_Summer_Mon-Fri_Out5,0.0,,Shp_Bourne_Summer_Out
Bourne,Summer_Mon-Fri,Bourne_Summer_Mon-Fri_Out6,0.0,,Shp_Bourne_Summer_Out
Bourne,Summer_Mon-Fri,Bourne_Summer_Mon-Fri_Out7,0.0,,Shp_Bourne_Summer_Out
Bourne,Summer_Mon-Fri,Bourne_Summer_Mon-Fri_Out8,0.0,,Shp_Bourne_Summer_Out
Bourne,Summer_Mon-Fri,Bourne_Summer_Mon-Fri_In1,1.0,,Shp_Bourne_Summer_In_Short
Bourne,Summer_Mon-Fri,Bourne_Summer_Mon-Fri_In2,1.0,,Shp_Bourne_Summer_In
Bourne,Summer_Mon-Fri,Bourne_Summer_Mon-Fri_In3,1.0,,Shp_Bourne_Summer_In
Bourne,Summer_Mon-Fri,Bourne_Summer_Mon-Fri_In4,1.0,,Shp_Bourne_Summer_In
Bourne,Summer_Mon-Fri,Bourne_Summer_Mon-Fri_In5,1.0,,Shp_Bourne_Summer_In
Bourne,Summer_Mon-Fri,Bourne_Summer_Mon-Fri_In6,1.0,,Shp_Bourne_Summer_In
Bourne,Summer_Mon-Fri,Bourne_Summer_Mon-Fri_In7,1.0,,Shp_Bourne_Summer_In
Bourne,Summer_Mon-Fri,Bourne_Summer_Mon-Fri_In8,1.0,,Shp_Bourne_Summer_In
FLEX,Summer_Mon-Sun,FLEX_Summer_Mon-Sun_Out1,0.0,,Shp_FLEX_Summer_Out
FLEX,Summer_Mon-Sun,FLEX_Summer_Mon-Sun_Out2,0.0,,Shp_FLEX_Summer_Out
FLEX,Summer_Mon-Sun,FLEX_Summer_Mon-Sun_Out3,0.0,,Shp_FLEX_Summer_Out
FLEX,Summer_Mon-Sun,FLEX_Summer_Mon-Sun_Out4,0.0,,Shp_FLEX_Summer_Out
FLEX,Summer_Mon-Sun,FLEX_Summer_Mon-Sun_Out5,0.0,,Shp_FLEX_Summer_Out-Marconi
FLEX,Summer_Mon-Sun,FLEX_Summer_Mon-Sun_Out6,0.0,,Shp_FLEX_Summer_Out-Marconi
FLEX,Summer_Mon-Sun,FLEX_Summer_Mon-Sun_Out7,0.0,,Shp_FLEX_Summer_Out-Marconi
FLEX,Summer_Mon-Sun,FLEX_Summer_Mon-Sun_Out8,0.0,,Shp_FLEX_Summer_Out
FLEX,Summer_Mon-Sun,FLEX_Summer_Mon-Sun_Out9,0.0,,Shp_FLEX_Summer_Out
FLEX,Summer_Mon-Sun,FLEX_Summer_Mon-Sun_Out10,0.0,,Shp_FLEX_Summer_Out
FLEX,Summer_Mon-Sun,FLEX_Summer_Mon-Sun_Out11,0.0,,Shp_FLEX_Summer_Out
FLEX,Summer_Mon-Sun,FLEX_Summer_Mon-Sun_Out12,0.0,,Shp_FLEX_Summer_Out
FLEX,Summer_Mon-Sun,FLEX_Summer_Mon-Sun_Out13,0.0,,Shp_FLEX_Summer_Out-Marconi
FLEX,Summer_Mon-Sun,FLEX_Summer_Mon-Sun_Out14,0.0,,Shp_FLEX_Summer_Out-Marconi
FLEX,Summer_Mon-Sun,FLEX_Summer_Mon-Sun_Out15,0.0,,Shp_FLEX_Summer_Out-Marconi
FLEX,Summer_Mon-Sun,FLEX_Summer_Mon-Sun_In1,1.0,,Shp_FLEX_Summer_In
FLEX,Summer_Mon-Sun,FLEX_Summer_Mon-Sun_In2,1.0,,Shp_FLEX_Summer_In
FLEX,Summer_Mon-Sun,FLEX_Summer_Mon-Sun_In3,1.0,,Shp_FLEX_Summer_In
FLEX,Summer_Mon-Sun,FLEX_Summer_Mon-Sun_In4,1.0,,Shp_FLEX_Summer_In
FLEX,Summer_Mon-Sun,FLEX_Summer_Mon-Sun_In5,1.0,,Shp_FLEX_Summer_In
FLEX,Summer_Mon-Sun,FLEX_Summer_Mon-Sun_In6,1.0,,Shp_FLEX_Summer_In-Marconi
FLEX,Summer_Mon-Sun,FLEX_Summer_Mon-Sun_In7,1.0,,Shp_FLEX_Summer_In-Marconi
FLEX,Summer_Mon-Sun,FLEX_Summer_Mon-Sun_In8,1.0,,Shp_FLEX_Summer_In-Marconi
FLEX,Summer_Mon-Sun,FLEX_Summer_Mon-Sun_In9,1.0,,Shp_FLEX_Summer_In
FLEX,Summer_Mon-Sun,FLEX_Summer_Mon-Sun_In10,1.0,,Shp_FLEX_Summer_In
FLEX,Summer_Mon-Sun,FLEX_Summer_Mon-Sun_In11,1.0,,Shp_FLEX_Summer_In
FLEX,Summer_Mon-Sun,FLEX_Summer_Mon-Sun_In12,1.0,,Shp_FLEX_Summer_In
FLEX,Summer_Mon-Sun,FLEX_Summer_Mon-Sun_In13,1.0,,Shp_FLEX_Summer_In
FLEX,Summer_Mon-Sun,FLEX_Summer_Mon-Sun_In14,1.0,,Shp_FLEX_Summer_In-Marconi
FLEX,Summer_Mon-Sun,FLEX_Summer_Mon-Sun_In15,1.0,,Shp_FLEX_Summer_In-Marconi
Villager,Summer_Mon-Fri,Villager_Summer_Mon-Fri_Out1,0.0,,Shp_Villager_Summer_Out
Villager,Summer_Mon-Sun,Villager_Summer_Mon-Sun_Out2,0.0,,Shp_Villager_Summer_Out
Villager,Summer_Mon-Sun,Villager_Summer_Mon-Sun_Out3,0.0,,Shp_Villager_Summer_Out
Villager,Summer_Mon-Sun,Villager_Summer_Mon-Sun_Out4,0.0,,Shp_Villager_Summer_Out
Villager,Summer_Mon-Sun,Villager_Summer_Mon-Sun_Out5,0.0,,Shp_Villager_Summer_Out
Villager,Summer_Mon-Sun,Villager_Summer_Mon-Sun_Out6,0.0,,Shp_Villager_Summer_Out
Villager,Summer_Mon-Sun,Villager_Summer_Mon-Sun_Out7,0.0,,Shp_Villager_Summer_Out
Villager,Summer_Mon-Sun,Villager_Summer_Mon-Sun_Out8,0.0,,Shp_Villager_Summer_Out
Villager,Summer_Mon-Sun,Villager_Summer_Mon-Sun_Out9,0.0,,Shp_Villager_Summer_Out
Villager,Summer_Mon-Sun,Villager_Summer_Mon-Sun_Out10,0.0,,Shp_Villager_Summer_Out
Villager,Summer_Mon-Sun,Villager_Summer_Mon-Sun_Out11,0.0,,Shp_Villager_Summer_Out
Villager,Summer_Mon-Sun,Villager_Summer_Mon-Sun_Out12,0.0,,Shp_Villager_Summer_Out
Villager,Summer_Mon-Sun,Villager_Summer_Mon-Sun_Out13,0.0,,Shp_Villager_Summer_Out
Villager,Summer_Mon-Fri,Villager_Summer_Mon-Fri_Out14,0.0,,Shp_Villager_Summer_Out_Eve
Villager,Summer_Mon-Fri,Villager_Summer_Mon-Fri_In1,1.0,,Shp_Villager_Summer_In
Villager,Summer_Mon-Sun,Villager_Summer_Mon-Sun_In2,1.0,,Shp_Villager_Summer_In
Villager,Summer_Mon-Sun,Villager_Summer_Mon-Sun_In3,1.0,,Shp_Villager_Summer_In
Villager,Summer_Mon-Sun,Villager_Summer_Mon-Sun_In4,1.0,,Shp_Villager_Summer_In
Villager,Summer_Mon-Sun,Villager_Summer_Mon-Sun_In5,1.0,,Shp_Villager_Summer_In
Villager,Summer_Mon-Sun,Villager_Summer_Mon-Sun_In6,1.0,,Shp_Villager_Summer_In
Villager,Summer_Mon-Sun,Villager_Summer_Mon-Sun_In7,1.0,,Shp_Villager_Summer_In
Villager,Summer_Mon-Sun,Villager_Summer_Mon-Sun_In8,1.0,,Shp_Villager_Summer_In
Villager,Summer_Mon-Sun,Villager_Summer_Mon-Sun_In9,1.0,,Shp_Villager_Summer_In
Villager,Summer_Mon-Sun,Villager_Summer_Mon-Sun_In10,1.0,,Shp_Villager_Summer_In
Villager,Summer_Mon-Sun,Villager_Summer_Mon-Sun_In11,1.0,,Shp_Villager_Summer_In
WHOOSH,Summer_Sun-Thu,WHOOSH_Summer_Sun-Thu_Out,0.0,,Shp_WHOOSH_Summer_Out
WHOOSH,Summer_Sun-Thu,WHOOSH_Summer_Sun-Thu_In,1.0,,Shp_WHOOSH_Summer_In
WHOOSH,Summer_Fri-Sat,WHOOSH_Summer_Fri-Sat_Out,0.0,,Shp_WHOOSH_Summer_Out
WHOOSH,Summer_Fri-Sat,WHOOSH_Summer_Fri-Sat_In,1.0,,Shp_WHOOSH_Summer_In
Hyannis,Summer_Hyannis,Hyannis_Summer,,,Shp_Hyannis
Ptown,Summer_Ptown,Ptown_NTruro_Summer_Mon-Sun,,,Shp_Ptown_NTruro
Ptown,Summer_Ptown,Ptown_Summer_Mon-Sun,,,Shp_Ptown
Ptown,Summer_Ptown,Ptown_Summer_Mon-Sun_Eve,,,Shp_Ptown
CapeFLYER,Summer_Sat-Sun,CapeFLYER_Sat-Sun_Out,0.0,,Shp_CapeFLYER_to_BBay
CapeFLYER,Summer_Fri,CapeFLYER_Fri_In,1.0,,Shp_CapeFLYER_to_Falmouth
CapeFLYER,Summer_Sat-Sun,CapeFLYER_Sat-Sun_In,1.0,,Shp_CapeFLYER_to_Falmouth
Bike,Summer_Bike,Bike_Summer_Out,0.0,,Shp_Bike_Out
Bike,Summer_Bike,Bike_Summer_In,1.0,,Shp_Bike_In
H2O,FallWintSpr_Mon-Fri,H2O_FallWintSpr_Mon-Fri_Out1,0.0,,Shp_H2O_FallWintSpr_Out
H2O,FallWintSpr_Mon-Fri,H2O_FallWintSpr_Mon-Fri_Out2,0.0,,Shp_H2O_FallWintSpr_Out
H2O,FallWintSpr_Mon-Fri,H2O_FallWintSpr_Mon-Fri_Out3,0.0,,Shp_H2O_FallWintSpr_Out
H2O,FallWintSpr_Mon-Sat,H2O_FallWintSpr_Mon-Sat_Out4,0.0,,Shp_H2O_FallWintSpr_Out
H2O,FallWintSpr_Mon-Sat,H2O_FallWintSpr_Mon-Sat_Out5,0.0,,Shp_H2O_FallWintSpr_Out
H2O,FallWintSpr_Mon-Sat,H2O_FallWintSpr_Mon-Sat_Out6,0.0,,Shp_H2O_FallWintSpr_Out
H2O,FallWintSpr_Mon-Sat,H2O_FallWintSpr_Mon-Sat_Out7,0.0,,Shp_H2O_FallWintSpr_Out
H2O,FallWintSpr_Mon-Sat,H2O_FallWintSpr_Mon-Sat_Out8,0.0,,Shp_H2O_FallWintSpr_Out
H2O,FallWintSpr_Mon-Sat,H2O_FallWintSpr_Mon-Sat_Out9,0.0,,Shp_H2O_FallWintSpr_Out+StFancis
H2O,FallWintSpr_Mon-Sat,H2O_FallWintSpr_Mon-Sat_Out10,0.0,,Shp_H2O_FallWintSpr_Out
H2O,FallWintSpr_Mon-Sat,H2O_FallWintSpr_Mon-Sat_Out11,0.0,,Shp_H2O_FallWintSpr_Out_Short
H2O,FallWintSpr_Mon-Sat,H2O_FallWintSpr_Mon-Sat_Out12,0.0,,Shp_H2O_FallWintSpr_Out
H2O,FallWintSpr_Mon-Sat,H2O_FallWintSpr_Mon-Sat_Out13,0.0,,Shp_H2O_FallWintSpr_Out
H2O,FallWintSpr_Mon-Sat,H2O_FallWintSpr_Mon-Sat_Out14,0.0,,Shp_H2O_FallWintSpr_Out
H2O,FallWintSpr_Mon-Fri,H2O_FallWintSpr_Mon-Fri_In1,1.0,,Shp_H2O_FallWintSpr_In_Short
H2O,FallWintSpr_Mon-Fri,H2O_FallWintSpr_Mon-Fri_In2,1.0,,Shp_H2O_FallWintSpr_In+Schools
H2O,FallWintSpr_Mon-Fri,H2O_FallWintSpr_Mon-Fri_In3,1.0,,Shp_H2O_FallWintSpr_In
H2O,FallWintSpr_Mon-Sat,H2O_FallWintSpr_Mon-Sat_In4,1.0,,Shp_H2O_FallWintSpr_In
H2O,FallWintSpr_Mon-Sat,H2O_FallWintSpr_Mon-Sat_In5,1.0,,Shp_H2O_FallWintSpr_In
H2O,FallWintSpr_Mon-Sat,H2O_FallWintSpr_Mon-Sat_In6,1.0,,Shp_H2O_FallWintSpr_In
H2O,FallWintSpr_Mon-Sat,H2O_FallWintSpr_Mon-Sat_In7,1.0,,Shp_H2O_FallWintSpr_In
H2O,FallWintSpr_Mon-Sat,H2O_FallWintSpr_Mon-Sat_In8,1.0,,Shp_H2O_FallWintSpr_In
H2O,FallWintSpr_Mon-Sat,H2O_FallWintSpr_Mon-Sat_In9,1.0,,Shp_H2O_FallWintSpr_In
H2O,FallWintSpr_Mon-Sat,H2O_FallWintSpr_Mon-Sat_In10,1.0,,Shp_H2O_FallWintSpr_In
H2O,FallWintSpr_Mon-Sat,H2O_FallWintSpr_Mon-Sat_In11,1.0,,Shp_H2O_FallWintSpr_In
H2O,FallWintSpr_Mon-Sat,H2O_FallWintSpr_Mon-Sat_In12,1.0,,Shp_H2O_FallWintSpr_In
H2O,FallWintSpr_Mon-Sat,H2O_FallWintSpr_Mon-Sat_In13,1.0,,Shp_H2O_FallWintSpr_In
H2O,FallWintSpr_Mon-Sat,H2O_FallWintSpr_Mon-Sat_In14,1.0,,Shp_H2O_FallWintSpr_In
Sealine,FallWintSpr_Mon-Fri,Sealine_FallWintSpr_Mon-Fri_Out1,0.0,,Shp_Sealine_FallWintSpr_Out_MorningShort
Sealine,FallWintSpr_Mon-Fri,Sealine_FallWintSpr_Mon-Fri_Out2,0.0,,Shp_Sealine_FallWintSpr_Out_MorningShort
Sealine,FallWintSpr_Mon-Fri,Sealine_FallWintSpr_Mon-Fri_Out3,0.0,,Shp_Sealine_FallWintSpr_Out
Sealine,FallWintSpr_Mon-Fri,Sealine_FallWintSpr_Mon-Fri_Out4,0.0,,Shp_Sealine_FallWintSpr_Out
Sealine,FallWintSpr_Mon-Sat,Sealine_FallWintSpr_Mon-Sat_Out5,0.0,,Shp_Sealine_FallWintSpr_Out
Sealine,FallWintSpr_Mon-Sat,Sealine_FallWintSpr_Mon-Sat_Out6,0.0,,Shp_Sealine_FallWintSpr_Out
Sealine,FallWintSpr_Mon-Sat,Sealine_FallWintSpr_Mon-Sat_Out7,0.0,,Shp_Sealine_FallWintSpr_Out
Sealine,FallWintSpr_Mon-Sat,Sealine_FallWintSpr_Mon-Sat_Out8,0.0,,Shp_Sealine_FallWintSpr_Out
Sealine,FallWintSpr_Mon-Sat,Sealine_FallWintSpr_Mon-Sat_Out9,0.0,,Shp_Sealine_FallWintSpr_Out
Sealine,FallWintSpr_Mon-Sat,Sealine_FallWintSpr_Mon-Sat_Out10,0.0,,Shp_Sealine_FallWintSpr_Out+HTCToStFrancis
Sealine,FallWintSpr_Mon-Sat,Sealine_FallWintSpr_Mon-Sat_Out11,0.0,,Shp_Sealine_FallWintSpr_Out+StFrancisToHTC
Sealine,FallWintSpr_Mon-Sat,Sealine_FallWintSpr_Mon-Sat_Out12,0.0,,Shp_Sealine_FallWintSpr_Out_Short
Sealine,FallWintSpr_Mon-Sat,Sealine_FallWintSpr_Mon-Sat_Out13,0.0,,Shp_Sealine_FallWintSpr_Out
Sealine,FallWintSpr_Mon-Sat,Sealine_FallWintSpr_Mon-Sat_Out14,0.0,,Shp_Sealine_FallWintSpr_Out+SturgisToHTC
Sealine,FallWintSpr_Mon-Sat,Sealine_FallWintSpr_Mon-Sat_Out15,0.0,,Shp_Sealine_FallWintSpr_Out
Sealine,FallWintSpr_Mon-Fri,Sealine_FallWintSpr_Mon-Fri_In1,1.0,,Shp_Sealine_FallWintSpr_In_Schools+Mashpee
Sealine,FallWintSpr_Mon-Fri,Sealine_FallWintSpr_Mon-Fri_In2,1.0,,Shp_Sealine_FallWintSpr_In_Short
Sealine,FallWintSpr_Mon-Fri,Sealine_FallWintSpr_Mon-Fri_In3,1.0,,Shp_Sealine_FallWintSpr_In_StartFalmMall
Sealine,FallWintSpr_Mon-Fri,Sealine_FallWintSpr_Mon-Fri_In4,1.0,,Shp_Sealine_FallWintSpr_In_Schools+Mashpee
Sealine,FallWintSpr_Mon-Sat,Sealine_FallWintSpr_Mon-Fri_In5,1.0,,Shp_Sealine_FallWintSpr_In
Sealine,FallWintSpr_Mon-Sat,Sealine_FallWintSpr_Mon-Sat_In6,1.0,,Shp_Sealine_FallWintSpr_In
Sealine,FallWintSpr_Mon-Sat,Sealine_FallWintSpr_Mon-Sat_In7,1.0,,Shp_Sealine_FallWintSpr_In
Sealine,FallWintSpr_Mon-Sat,Sealine_FallWintSpr_Mon-Sat_In8,1.0,,Shp_Sealine_FallWintSpr_In
Sealine,FallWintSpr_Mon-Sat,Sealine_FallWintSpr_Mon-Sat_In9,1.0,,Shp_Sealine_FallWintSpr_In
Sealine,FallWintSpr_Mon-Sat,Sealine_FallWintSpr_Mon-Sat_In10,1.0,,Shp_Sealine_FallWintSpr_In
Sealine,FallWintSpr_Mon-Sat,Sealine_FallWintSpr_Mon-Sat_In11,1.0,,Shp_Sealine_FallWintSpr_In
Sealine,FallWintSpr_Mon-Sat,Sealine_FallWintSpr_Mon-Sat_In12,1.0,,Shp_Sealine_FallWintSpr_In
Sealine,FallWintSpr_Mon-Sat,Sealine_FallWintSpr_Mon-Sat_In13,1.0,,Shp_Sealine_FallWintSpr_In
Sealine,FallWintSpr_Mon-Sat,Sealine_FallWintSpr_Mon-Sat_In14,1.0,,Shp_Sealine_FallWintSpr_In
Sealine,FallWintSpr_Mon-Sat,Sealine_FallWintSpr_Mon-Sat_In15,1.0,,Shp_Sealine_FallWintSpr_In
Sealine,FallWintSpr_Mon-Sat,Sealine_FallWintSpr_Mon-Sat_In16,1.0,,Shp_Sealine_FallWintSpr_In
Sandwich,FallWintSpr_Mon-Fri,Sandwich_FallWintSpr_Mon-Fri_Out1,0.0,,Shp_Sandwich_FallWintSpr_Out
Sandwich,FallWintSpr_Mon-Fri,Sandwich_FallWintSpr_Mon-Fri_Out2,0.0,,Shp_Sandwich_FallWintSpr_Out_Short
Sandwich,FallWintSpr_Mon-Fri,Sandwich_FallWintSpr_Mon-Fri_Out3,0.0,,Shp_Sandwich_FallWintSpr_Out_Short
Sandwich,FallWintSpr_Mon-Fri,Sandwich_FallWintSpr_Mon-Fri_Out4,0.0,,Shp_Sandwich_FallWintSpr_Out
Sandwich,FallWintSpr_Mon-Fri,Sandwich_FallWintSpr_Mon-Fri_Out5,0.0,,Shp_Sandwich_FallWintSpr_Out_Short
Sandwich,FallWintSpr_Mon-Fri,Sandwich_FallWintSpr_Mon-Fri_Out6,0.0,,Shp_Sandwich_FallWintSpr_Out+StFrancis
Sandwich,FallWintSpr_Mon-Fri,Sandwich_FallWintSpr_Mon-Fri_Out7,0.0,,Shp_Sandwich_FallWintSpr_Out+Schools
Sandwich,FallWintSpr_Mon-Fri,Sandwich_FallWintSpr_Mon-Fri_Out8,0.0,,Shp_Sandwich_FallWintSpr_Out_Short
Sandwich,FallWintSpr_Mon-Fri,Sandwich_FallWintSpr_Mon-Fri_Out9,0.0,,Shp_Sandwich_FallWintSpr_Out
Sandwich,FallWintSpr_Mon-Fri,Sandwich_FallWintSpr_Mon-Fri_In1,1.0,,Shp_Sandwich_FallWintSpr_In+Schools
Sandwich,FallWintSpr_Mon-Fri,Sandwich_FallWintSpr_Mon-Fri_In2,1.0,,Shp_Sandwich_FallWintSpr_In_Short
Sandwich,FallWintSpr_Mon-Fri,Sandwich_FallWintSpr_Mon-Fri_In3,1.0,,Shp_Sandwich_FallWintSpr_In
Sandwich,FallWintSpr_Mon-Fri,Sandwich_FallWintSpr_Mon-Fri_In4,1.0,,Shp_Sandwich_FallWintSpr_In_Short
Sandwich,FallWintSpr_Mon-Fri,Sandwich_FallWintSpr_Mon-Fri_In5,1.0,,Shp_Sandwich_FallWintSpr_In_Short
Sandwich,FallWintSpr_Mon-Fri,Sandwich_FallWintSpr_Mon-Fri_In6,1.0,,Shp_Sandwich_FallWintSpr_In
Sandwich,FallWintSpr_Mon-Fri,Sandwich_FallWintSpr_Mon-Fri_In7,1.0,,Shp_Sandwich_FallWintSpr_In
Sandwich,FallWintSpr_Mon-Fri,Sandwich_FallWintSpr_Mon-Fri_In8,1.0,,Shp_Sandwich_FallWintSpr_In_Short
Sandwich,FallWintSpr_Mon-Fri,Sandwich_FallWintSpr_Mon-Fri_In9,1.0,,Shp_Sandwich_FallWintSpr_In
Bourne,FallWintSpr_Mon-Fri,Bourne_FallWintSpr_Mon-Fri_In1,1.0,,Shp_Bourne_FallWintSpr_In_Short
Bourne,FallWintSpr_Mon-Fri,Bourne_FallWintSpr_Mon-Fri_In2,1.0,,Shp_Bourne_FallWintSpr_In
Bourne,FallWintSpr_Mon-Fri,Bourne_FallWintSpr_Mon-Fri_In3,1.0,,Shp_Bourne_FallWintSpr_In
Bourne,FallWintSpr_Mon-Fri,Bourne_FallWintSpr_Mon-Fri_In4,1.0,,Shp_Bourne_FallWintSpr_In
Bourne,FallWintSpr_Mon-Fri,Bourne_FallWintSpr_Mon-Fri_In5,1.0,,Shp_Bourne_FallWintSpr_In
Bourne,FallWintSpr_Mon-Fri,Bourne_FallWintSpr_Mon-Fri_In6,1.0,,Shp_Bourne_FallWintSpr_In
Bourne,FallWintSpr_Mon-Fri,Bourne_FallWintSpr_Mon-Fri_Out1,0.0,,Shp_Bourne_FallWintSpr_Out
Bourne,FallWintSpr_Mon-Fri,Bourne_FallWintSpr_Mon-Fri_Out2,0.0,,Shp_Bourne_FallWintSpr_Out
Bourne,FallWintSpr_Mon-Fri,Bourne_FallWintSpr_Mon-Fri_Out3,0.0,,Shp_Bourne_FallWintSpr_Out
Bourne,FallWintSpr_Mon-Fri,Bourne_FallWintSpr_Mon-Fri_Out4,0.0,,Shp_Bourne_FallWintSpr_Out_Short
Bourne,FallWintSpr_Mon-Fri,Bourne_FallWintSpr_Mon-Fri_Out5,0.0,,Shp_Bourne_FallWintSpr_Out_Short
Bourne,FallWintSpr_Mon-Fri,Bourne_FallWintSpr_Mon-Fri_Out6,0.0,,Shp_Bourne_FallWintSpr_Out_Short
FLEX,FallWintSpr_Mon-Fri,FLEX_FallWintSpr_Mon-Fri_Out1,0.0,,Shp_FLEX_FallWintSpr_Out_Short
FLEX,FallWintSpr_Mon-Sat,FLEX_FallWintSpr_Mon-Sat_Out2,0.0,,Shp_FLEX_FallWintSpr_Out
FLEX,FallWintSpr_Mon-Sat,FLEX_FallWintSpr_Mon-Sat_Out3,0.0,,Shp_FLEX_FallWintSpr_Out
FLEX,FallWintSpr_Mon-Sat,FLEX_FallWintSpr_Mon-Sat_Out4,0.0,,Shp_FLEX_FallWintSpr_Out
FLEX,FallWintSpr_Mon-Sat,FLEX_FallWintSpr_Mon-Sat_Out5,0.0,,Shp_FLEX_FallWintSpr_Out+Nauset
FLEX,FallWintSpr_Mon-Sat,FLEX_FallWintSpr_Mon-Sat_Out6,0.0,,Shp_FLEX_FallWintSpr_Out+Nauset
FLEX,FallWintSpr_Mon-Sat,FLEX_FallWintSpr_Mon-Sat_Out7,0.0,,Shp_FLEX_FallWintSpr_Out
FLEX,FallWintSpr_Mon-Sat,FLEX_FallWintSpr_Mon-Sat_In1,1.0,,Shp_FLEX_FallWintSpr_In
FLEX,FallWintSpr_Mon-Fri,FLEX_FallWintSpr_Mon-Fri_In2,1.0,,Shp_FLEX_FallWintSpr_In_Short
FLEX,FallWintSpr_Mon-Sat,FLEX_FallWintSpr_Mon-Sat_In3,1.0,,Shp_FLEX_FallWintSpr_In
FLEX,FallWintSpr_Mon-Sat,FLEX_FallWintSpr_Mon-Sat_In4,1.0,,Shp_FLEX_FallWintSpr_In
FLEX,FallWintSpr_Mon-Sat,FLEX_FallWintSpr_Mon-Sat_In5,1.0,,Shp_FLEX_FallWintSpr_In+Nauset
FLEX,FallWintSpr_Mon-Sat,FLEX_FallWintSpr_Mon-Sat_In6,1.0,,Shp_FLEX_FallWintSpr_In+Nauset
FLEX,FallWintSpr_Mon-Sat,FLEX_FallWintSpr_Mon-Sat_In7,1.0,,Shp_FLEX_FallWintSpr_In
Villager,FallWintSpr_Mon-Fri,Villager_FallWintSpr_Mon-Fri_Out1,0.0,,Shp_Villager_FallWintSpr_Out
Villager,FallWintSpr_Mon-Sat,Villager_FallWintSpr_Mon-Sat_Out2,0.0,,Shp_Villager_FallWintSpr_Out
Villager,FallWintSpr_Mon-Sat,Villager_FallWintSpr_Mon-Sat_Out3,0.0,,Shp_Villager_FallWintSpr_Out
Villager,FallWintSpr_Mon-Sat,Villager_FallWintSpr_Mon-Sat_Out4,0.0,,Shp_Villager_FallWintSpr_Out
Villager,FallWintSpr_Mon-Sat,Villager_FallWintSpr_Mon-Sat_Out5,0.0,,Shp_Villager_FallWintSpr_Out
Villager,FallWintSpr_Mon-Sat,Villager_FallWintSpr_Mon-Sat_Out6,0.0,,Shp_Villager_FallWintSpr_Out
Villager,FallWintSpr_Mon-Sat,Villager_FallWintSpr_Mon-Sat_Out7,0.0,,Shp_Villager_FallWintSpr_Out
Villager,FallWintSpr_Mon-Sat,Villager_FallWintSpr_Mon-Sat_Out8,0.0,,Shp_Villager_FallWintSpr_Out
Villager,FallWintSpr_Mon-Sat,Villager_FallWintSpr_Mon-Sat_Out9,0.0,,Shp_Villager_FallWintSpr_Out
Villager,FallWintSpr_Mon-Sat,Villager_FallWintSpr_Mon-Sat_Out10,0.0,,Shp_Villager_FallWintSpr_Out
Villager,FallWintSpr_Mon-Sat,Villager_FallWintSpr_Mon-Sat_Out11,0.0,,Shp_Villager_FallWintSpr_Out
Villager,FallWintSpr_Mon-Sat,Villager_FallWintSpr_Mon-Sat_Out12,0.0,,Shp_Villager_FallWintSpr_Out
Villager,FallWintSpr_Mon-Fri,Villager_FallWintSpr_Mon-Fri_In1,1.0,,Shp_Villager_FallWintSpr_In
Villager,FallWintSpr_Mon-Sat,Villager_FallWintSpr_Mon-Sat_In2,1.0,,Shp_Villager_FallWintSpr_In
Villager,FallWintSpr_Mon-Sat,Villager_FallWintSpr_Mon-Sat_In3,1.0,,Shp_Villager_FallWintSpr_In
Villager,FallWintSpr_Mon-Sat,Villager_FallWintSpr_Mon-Sat_In4,1.0,,Shp_Villager_FallWintSpr_In
Villager,FallWintSpr_Mon-Sat,Villager_FallWintSpr_Mon-Sat_In5,1.0,,Shp_Villager_FallWintSpr_In
Villager,FallWintSpr_Mon-Sat,Villager_FallWintSpr_Mon-Sat_In6,1.0,,Shp_Villager_FallWintSpr_In
Villager,FallWintSpr_Mon-Sat,Villager_FallWintSpr_Mon-Sat_In7,1.0,,Shp_Villager_FallWintSpr_In
Villager,FallWintSpr_Mon-Sat,Villager_FallWintSpr_Mon-Sat_In8,1.0,,Shp_Villager_FallWintSpr_In
Villager,FallWintSpr_Mon-Sat,Villager_FallWintSpr_Mon-Sat_In9,1.0,,Shp_Villager_FallWintSpr_In
Villager,FallWintSpr_Mon-Sat,Villager_FallWintSpr_Mon-Sat_In10,1.0,,Shp_Villager_FallWintSpr_In
Ptown,SprShoulder_Fri-Sat,Ptown_SprShoulder_Fri-Sat_NTruro_Out,0.0,,Shp_Ptown_NTruro
Ptown,SprShoulder_Fri-Sat,Ptown_SprShoulder_Fri-Sat_NTruro_In,1.0,,Shp_Ptown_NTruro
Ptown,SprShoulder_Sun,Ptown_SprShoulder_Sun_NTruro_Out,0.0,,Shp_Ptown_NTruro
Ptown,SprShoulder_Sun,Ptown_SprShoulder_Sun_NTruro_In,1.0,,Shp_Ptown_NTruro
Ptown,SprShoulder_Fri-Sat,Ptown_SprShoulder_Fri-Sat_RacePt,,,Shp_Ptown_RP
Ptown,SprShoulder_Sun,Ptown_SprShoulder_Sun_RacePt,,,Shp_Ptown_RP
Ptown,SprShoulder_Fri-Sat,Ptown_SprShoulder_Fri-Sat_HerringCove,,,Shp_Ptown_HC
Ptown,SprShoulder_Sun,Ptown_SprShoulder_Sun_HerringCove,,,Shp_Ptown_HC
Ptown,FallShoulder_Fri-Sat,Ptown_FallShoulder_Fri-Sat_NTruro_Out,0.0,,Shp_Ptown_NTruro
Ptown,FallShoulder_Fri-Sat,Ptown_FallShoulder_Fri-Sat_NTruro_In,1.0,,Shp_Ptown_NTruro
Ptown,FallShoulder_Sun,Ptown_FallShoulder_Sun_NTruro_Out,0.0,,Shp_Ptown_NTruro
Ptown,FallShoulder_Sun,Ptown_FallShoulder_Sun_NTruro_In,1.0,,Shp_Ptown_NTruro
Ptown,FallShoulder_Fri-Sat,Ptown_FallShoulder_Fri-Sat_RacePt,,,Shp_Ptown_RP
Ptown,FallShoulder_Sun,Ptown_FallShoulder_Sun_RacePt,,,Shp_Ptown_RP
Ptown,FallShoulder_Fri-Sat,Ptown_FallShoulder_Fri-Sat_HerringCove,,,Shp_Ptown_HC
Ptown,FallShoulder_Sun,Ptown_FallShoulder_Sun_HerringCove,,,Shp_Ptown_HC
